,demand_restrictions,supply_restrictions,net_lending_gdp_lag1,broad_money_growth_lag2
demand_restrictions,1.0,0.8266965882897043,-0.013926325354995535,0.07668914594117608
supply_restrictions,0.8266965882897043,1.0,-0.03517507817355693,0.07263046952547024
net_lending_gdp_lag1,-0.013926325354995535,-0.03517507817355693,1.0,-0.10472912499648213
broad_money_growth_lag2,0.07668914594117608,0.07263046952547024,-0.10472912499648213,1.0
