variable,VIF
supply_restrictions,3.1648973265695846
demand_restrictions,3.164492099857886
broad_money_growth_lag2,1.0170605163977493
net_lending_gdp_lag1,1.0127928289489379
